	D22D01232T	D22D01243T	D22D01253T	D22D01255T	D22D01259T	D22D01264T	E22D01256T	M22D01252	N22D01235	N22D01242	N22D01248	P22D01231	P22D01234	P22D01244	P22D01246	P22D01247	P22D01257	P22D01258	P22D01262	R22D01249	X22D00781	X22D00784	X22D00786	X22D00787	X22D00790	X22D00791	X22D00794	X22D00797	X22D00867	X22D00871	X22D00876	X22D01254
4q12_PDGFRA_E2_STA101420	5724	7084	3108	5938	1764	1594	992	1752	28298	27312	1216	0	190	1650	1842	2826	966	898	2870	496	2	6	2	0	2	4	2	2	18	6	82	2112
4q12_PDGFRA_E3_STA101421	8204	10068	6172	10584	2494	2424	2256	3204	40728	36830	4596	4	152	2258	2436	3056	2204	1202	5166	646	6	0	2	2	8	2	0	6	34	10	12	5522
4q12_PDGFRA_E4_STA101422	9634	8852	4182	7892	2494	2552	1468	1988	41576	42794	3850	6	186	1898	2724	3868	1136	1440	5324	648	6	2	2	4	10	6	32	10	48	4	24	3074
4q12_PDGFRA_E5_STA101423	5852	6292	1528	4076	1260	1410	560	1152	27272	21358	1128	2	102	1154	1624	1944	444	664	2406	196	2	2	2	4	8	4	2	0	2	22	6	1860
4q12_PDGFRA_E6_STA101424	4718	6274	1742	5782	1178	1514	772	1228	26422	25982	1930	4	120	1114	1368	1854	748	688	2964	244	4	4	2	4	0	2	2	2	16	2	38	1768
4q12_PDGFRA_E7_STA101425	4806	6696	1474	4682	1328	1224	628	1044	20510	24584	1432	2	104	906	1778	2016	668	532	2634	140	6	4	2	2	4	4	4	8	6	2	18	1190
4q12_PDGFRA_E8_STA101426	10014	11146	8528	15094	3010	3082	3454	3070	48320	44552	3234	0	294	2680	3872	3242	2194	1802	6334	612	0	0	4	0	4	4	16	0	6	4	28	4362
4q12_PDGFRA_E9_STA101427	7848	9884	6222	6042	2078	2524	2510	2302	35406	37092	3998	26	58	2720	2488	2666	1318	1334	5140	752	4	0	6	4	2	2	0	4	4	2	104	3968
4q12_PDGFRA_E10_STA101428	11144	12888	10610	17598	2742	3066	4384	3248	61740	62038	7774	4	234	2746	3422	5402	1456	1418	10246	864	92	10	6	8	4	8	0	4	66	6	206	9890
4q12_PDGFRA_E11_STA101429	9848	10016	6248	9050	2174	2756	2248	2702	46128	55280	4508	4	242	2094	3054	4034	1484	1340	7114	428	2	0	6	2	4	10	14	2	6	6	46	5668
4q12_PDGFRA_E12_STA100207	49262	53370	29503	69535	15021	17210	9900	15584	235901	226975	19321	34	969	13148	19094	19111	11629	8326	32006	3707	10	22	34	30	34	34	16	34	52	30	36	22535
4q12_PDGFRA_E12_STA101616	49310	53423	29538	69586	15036	17226	9908	15601	236163	227162	19347	34	970	13158	19110	19119	11644	8334	32051	3710	10	22	34	30	34	34	16	34	52	30	36	22551
4q12_PDGFRA_E12_STA100209	49316	53422	29541	69577	15037	17227	9907	15601	236166	227162	19350	33	970	13160	19108	19120	11646	8334	32048	3709	10	22	34	30	34	34	16	34	52	30	36	22555
4q12_PDGFRA_E13_STA101430	7494	8864	2988	5408	1670	2348	834	1704	32054	24892	3280	6	182	1584	2118	2210	824	1008	3992	682	8	2	2	2	4	8	2	10	0	2	18	3258
4q12_PDGFRA_E14_STA100210	5387	5817	1959	4910	1471	1716	750	985	24538	27404	1698	2	94	1180	1668	2296	857	892	3206	309	6	0	4	0	4	8	0	4	0	2	54	1644
4q12_PDGFRA_E14_STA100211	12872	13470	7006	12914	3422	4007	2474	3075	60161	64027	5242	36	252	2740	4114	4522	1963	2155	8068	873	20	2	4	2	6	10	34	4	8	30	180	5994
4q12_PDGFRA_E14_STA100212	11525	11560	6618	11664	3066	3614	2282	2816	54029	57415	4876	36	248	2433	3716	3898	1759	1990	7322	810	18	2	2	2	6	4	34	2	8	28	140	5561
4q12_PDGFRA_E15_STA101431	11894	11982	2888	6182	2072	2884	634	2048	48174	34004	726	0	368	2340	2646	3918	1304	1112	4926	768	2	6	2	4	0	2	0	6	4	6	6	2240
4q12_PDGFRA_E16_STA101432	11870	13962	6152	10180	2926	3400	1570	3030	55404	43950	2608	0	448	2104	3422	4012	2138	1332	6166	716	78	4	4	6	10	4	10	8	10	28	12	3582
4q12_PDGFRA_E17_STA101433	7458	9938	5488	12054	2688	2806	1860	3104	37804	34950	2738	2	54	2392	2930	5026	1160	1150	6098	698	10	0	2	0	0	6	2	2	8	4	82	5296
4q12_PDGFRA_E18_STA100213	19977	25548	14644	23653	6733	7075	4715	6055	108539	98663	13876	24	508	5223	7194	8947	2974	2908	15073	1562	28	12	4	8	4	6	18	22	26	6	92	14563
4q12_PDGFRA_E18_STA100214	19971	25534	14642	23646	6732	7071	4718	6053	108488	98613	13868	24	508	5224	7190	8941	2975	2906	15065	1562	28	12	4	8	4	6	18	22	26	6	92	14560
4q12_PDGFRA_E19_STA101434	2524	3426	712	1902	710	798	220	536	10724	10310	772	2	104	566	954	1194	198	262	1590	102	0	2	2	0	4	4	0	0	36	0	0	988
4q12_PDGFRA_E20_STA101435	11264	11178	5666	7654	2774	2982	1462	2228	46088	39358	4378	2	172	2170	2776	3344	1070	1358	6418	750	28	4	0	6	2	2	0	2	22	4	26	5704
4q12_PDGFRA_E21_STA101436	4988	6340	3544	6612	1142	1722	912	1654	27076	23500	2174	2	56	1128	1998	2384	514	486	3414	274	0	10	6	6	2	0	0	0	2	2	4	3532
4q12_PDGFRA_E22_STA101437	12098	12680	10418	11968	3490	3154	2618	3258	60406	47668	6344	2	208	2484	3200	4316	1176	1174	6552	846	24	2	4	10	2	4	4	6	42	8	20	8448
4q12_PDGFRA_E23_STA101438	6352	8302	7160	8406	2008	1856	2286	2124	32412	33706	4396	2	60	1530	2742	3360	792	996	5252	594	0	4	0	16	4	2	2	0	14	46	4	5622
4q12_KIT_E1_STA101439	5110	6186	9740	10482	2376	1936	4370	2744	45676	24538	3930	8	48	1198	1760	4084	426	484	5142	326	14	6	2	2	4	8	2	8	60	46	302	5492
4q12_KIT_E2_STA101440	2918	4186	814	3712	700	994	326	870	14512	14056	1652	4	12	562	1154	1394	340	334	1786	124	0	0	0	2	2	6	2	0	4	2	14	1456
4q12_KIT_E3_STA101441	5854	6266	1466	3012	1064	1612	452	1020	26882	26922	2106	6	74	606	1468	2238	270	396	2876	62	40	4	4	2	2	6	2	0	6	4	4	2228
4q12_KIT_E4_STA101442	2668	3666	426	1008	490	532	86	416	9258	6464	322	2	60	450	504	788	184	216	1030	158	0	0	0	0	0	0	0	0	0	0	2	450
4q12_KIT_E5_STA101443	19978	19070	13802	24730	5196	6154	5060	6462	87620	83608	6542	60	344	4884	6332	10598	3786	3418	14192	1412	4	4	10	8	4	24	8	8	24	14	54	10244
4q12_KIT_E6_STA101444	5660	7020	2214	5304	1262	1500	954	1282	25522	26036	2106	0	80	1078	1846	3264	784	820	3976	228	2	2	20	2	0	0	0	2	2	2	2	2200
4q12_KIT_E7_STA101445	2188	2170	1310	1478	468	576	348	972	10088	7576	890	4	76	368	708	988	352	260	1056	106	0	0	0	2	0	2	0	0	2	0	4	1192
4q12_KIT_E8_STA100215	12411	11674	10256	15156	3048	3540	3583	3958	56954	58057	4803	28	284	3207	3867	5144	2622	1894	8838	897	16	12	2	2	4	10	4	4	159	4	124	6790
4q12_KIT_E8_STA100216	12426	11690	10270	15172	3052	3541	3588	3970	57016	58112	4805	28	284	3215	3874	5145	2623	1897	8852	898	16	12	2	2	4	10	4	4	160	4	124	6792
4q12_KIT_E9_STA101621	30610	38950	18239	35214	9537	9422	6706	9388	133128	125517	9621	26	1057	9771	11713	11753	5199	5775	23135	2802	20	8	24	6	24	18	32	10	98	12	122	13411
4q12_KIT_E9_STA100218	30662	38986	18284	35279	9544	9434	6713	9401	133305	125708	9635	26	1057	9767	11722	11767	5211	5780	23165	2807	20	8	24	6	24	18	32	10	98	12	122	13437
4q12_KIT_E9_STA100219	20241	24635	12967	23508	6112	6202	4643	6386	87534	83801	6703	23	665	6029	7564	7957	3512	3695	15511	1780	16	4	17	3	13	11	28	7	55	10	85	9395
4q12_KIT_E10_STA100220	24528	26707	18331	29020	6756	6470	6712	7585	109277	110736	11412	6	474	6430	8327	9655	4936	3713	20311	1913	76	12	12	12	10	4	28	12	102	18	216	11608
4q12_KIT_E10_STA101446	28885	32896	20700	32953	7962	7948	7622	8692	127319	128651	12859	6	546	7551	9965	11948	5605	4368	22750	2382	80	14	12	12	12	18	28	12	102	20	238	13178
4q12_KIT_E10_STA100221	28884	32892	20700	32949	7963	7948	7622	8692	127307	128633	12857	6	546	7550	9963	11949	5605	4368	22747	2383	80	14	12	12	12	18	28	12	102	20	238	13177
4q12_KIT_E11_STA100222	26958	31465	22719	30988	7410	7965	7936	8933	114886	109248	10138	12	778	6725	9421	11691	5906	4161	17614	2514	38	8	8	12	10	16	34	8	44	26	278	12957
4q12_KIT_E11_STA100223	21381	23207	14340	22843	5389	6604	5258	6021	81780	81500	6537	14	644	4953	7151	8290	4200	3036	12929	1651	40	10	4	6	8	18	20	2	24	12	272	9574
4q12_KIT_E11_STA100224	17022	17024	11978	18908	4187	5124	4351	4921	63752	63619	5090	14	572	3833	5513	5997	3536	2380	10486	1182	36	8	4	6	6	4	20	2	24	10	250	8001
4q12_KIT_E12_STA101447	8790	10166	2514	6752	1772	2214	1192	1778	35488	41856	3434	6	54	1556	2870	3536	1076	986	4914	242	6	6	0	2	8	2	2	2	4	12	42	2946
4q12_KIT_E13_STA100225	44407	39181	19261	39391	11096	11471	7380	9501	164887	156820	14695	18	924	10174	13402	10554	7658	7594	22332	2810	12	10	22	12	20	2	16	6	28	4	212	14339
4q12_KIT_E13_STA101622	44401	39175	19257	39382	11095	11470	7378	9497	164887	156807	14697	18	924	10172	13400	10552	7658	7593	22333	2808	12	10	22	12	20	2	16	6	28	4	212	14338
4q12_KIT_E14_STA100227	14892	13731	10125	12618	3090	3596	3250	3968	57897	55338	4988	6	256	3703	4115	4776	2968	2631	7871	1527	10	4	0	6	2	10	4	22	60	8	26	6054
4q12_KIT_E14_STA100228	35205	33600	25018	33573	7722	8990	8204	10927	126903	120543	12985	14	659	8616	9446	10833	8928	5788	20433	2919	22	34	4	48	6	14	14	34	78	16	134	16104
4q12_KIT_E14_STA100229	30835	29350	22337	30266	6848	7878	7563	9727	109709	105854	12251	14	622	7843	8416	9959	7972	5264	18728	2645	16	32	4	48	6	10	14	12	78	16	120	14450
4q12_KIT_E15_STA101448	8288	7668	3436	7876	1718	2476	1358	1930	36052	35776	1738	4	128	1418	2154	2064	1076	1298	4512	376	0	2	2	2	0	10	6	38	18	8	2	2760
4q12_KIT_E16_STA101449	58471	55565	38911	58130	13459	16010	15299	15630	249194	252421	14111	27	1897	14461	19293	20886	9279	8534	39195	4076	126	21	78	25	28	75	60	29	90	102	276	24672
4q12_KIT_M4_STA100230	19603	19773	15499	18377	4338	5022	5265	5571	74031	66770	8144	2	396	3661	4524	5860	4932	3403	11568	1579	2	6	4	6	0	10	6	8	6	8	30	10068
4q12_KIT_E17_STA100231	19615	19780	15511	18385	4345	5026	5270	5577	74061	66797	8148	2	396	3661	4524	5862	4935	3404	11577	1580	2	6	4	6	0	10	6	8	6	8	30	10075
4q12_KIT_E17_STA100232	19613	19778	15510	18381	4346	5025	5270	5577	74055	66792	8147	2	396	3661	4524	5860	4935	3404	11578	1580	2	6	4	6	0	10	6	8	6	8	30	10075
4q12_KIT_E18_STA100233	11345	14652	6227	15160	3106	3675	2370	3033	51688	54734	3650	0	298	3002	4910	4408	2488	2327	7317	848	50	0	2	10	10	8	4	10	20	4	30	4814
4q12_KIT_E18_STA100234	11354	14658	6228	15166	3106	3676	2370	3034	51714	54755	3652	0	298	3002	4910	4408	2488	2328	7318	848	50	0	2	10	10	8	4	10	20	4	30	4814
4q12_KIT_E19_STA101450	7924	7004	3394	7128	1720	2004	1254	2020	33054	32290	1772	0	168	1590	2208	2462	1198	1002	3930	324	0	6	2	2	2	0	2	4	20	8	56	3166
4q12_KIT_E20_STA101451	11588	15826	4954	10724	2676	3580	1720	2904	50188	45610	2562	4	340	3652	4046	5612	1464	1492	6466	884	4	12	4	2	4	4	2	40	8	4	58	3838
4q12_KIT_E21_STA101452	21006	17620	16660	17608	4226	4970	5274	5568	78520	76528	11808	6	196	4354	5846	6392	2762	2730	12752	1346	60	4	10	2	8	4	4	2	60	0	152	12760
10q23_PTEN_E1_STA100492	3720	3654	2392	4114	1098	1138	1024	774	4948	520	1222	0	92	786	1204	1754	486	422	756	286	8	2	0	6	0	0	58	0	2	0	30	1574
10q23_PTEN_E2_STA100493	8095	5934	8259	7359	1833	1974	4001	1616	9816	1816	3483	0	96	2028	2335	3450	1882	1886	1964	1098	0	0	0	2	6	0	0	0	0	2	58	5947
10q23_PTEN_E2_STA100494	8098	5936	8262	7362	1833	1974	4002	1616	9817	1816	3484	0	96	2028	2335	3452	1882	1886	1963	1098	0	0	0	2	6	0	0	0	0	2	58	5948
10q23_PTEN_E3_STA100495	4932	4932	6082	6510	1384	1562	3270	1484	7890	1424	2322	6	92	1502	2226	3426	1414	1322	1626	576	0	0	0	0	0	6	4	0	24	22	4	4456
10q23_PTEN_E4_STA100496	9706	9030	7856	9948	2572	3546	3888	2146	10400	1670	3732	12	56	2532	3668	5684	2212	2130	2754	770	0	2	2	0	4	2	2	2	2	12	4	5840
10q23_PTEN_E0_STA100497	12622	12178	9060	12639	3199	3180	5452	2514	14037	2490	3719	0	148	2741	4187	6186	2587	2025	2945	1178	0	2	4	0	0	0	0	16	90	0	16	7913
10q23_PTEN_E5_STA100498	47465	36493	34776	48430	12118	11979	17348	11126	52492	6811	8492	12	1025	10222	14990	21305	11927	9807	10424	3167	6	4	10	38	4	10	40	24	176	32	67	24939
10q23_PTEN_E5_STA100499	46326	35973	32453	48794	12107	12060	15640	11209	52686	6380	7326	12	1003	10066	15042	21414	11360	9611	10304	2764	6	4	6	38	28	10	40	24	90	32	64	22747
10q23_PTEN_E5_STA100500	41377	29879	30669	43081	10677	10452	14349	10145	46616	5375	6039	12	956	9345	12911	18510	10519	8914	8934	2510	8	4	6	38	30	14	40	8	88	32	62	20262
10q23_PTEN_E5_STA100501	6525	5584	4954	7295	1771	1662	2459	1530	8166	1053	1278	0	78	1867	2109	3393	1178	1134	1459	518	2	2	0	0	26	4	0	0	2	0	10	3245
10q23_PTEN_E6_STA100502	19224	13807	5871	12370	3918	4138	2794	2580	21016	2260	2894	2	344	2913	3579	6498	1988	2730	2504	854	0	2	6	0	0	10	0	0	4	2	14	5792
10q23_PTEN_E6_STA100503	32760	21400	15643	23265	6872	7706	7989	5064	35229	5301	7920	2	530	6002	8050	11203	4210	5448	5577	1940	6	4	8	0	0	10	0	10	58	4	24	13406
10q23_PTEN_E6_STA100504	22189	14296	13719	17059	5008	5472	6968	3978	22496	4069	6709	2	458	4838	6410	7830	3505	4190	4166	1621	6	2	2	0	0	10	0	10	58	4	12	10422
10q23_PTEN_E7_STA100505	9386	7394	6630	10051	2216	2535	3914	2177	11699	1924	3449	4	85	2514	2821	3255	2513	2126	2022	888	6	2	0	0	2	4	3	4	7	19	71	5650
10q23_PTEN_E7_STA100506	20141	15881	9684	16216	3876	4858	5459	3496	24117	4062	5280	4	348	3776	5391	7406	3946	3133	4116	1228	6	8	6	0	4	12	6	4	14	22	84	9396
10q23_PTEN_E7_STA100507	17285	12861	8035	12901	3114	4022	4328	2780	20600	3326	3964	2	318	3154	4431	5919	3406	2608	3296	961	4	8	6	0	2	10	4	0	10	22	84	7407
10q23_PTEN_E8_STA101838	16427	14475	12592	16084	3339	3841	6322	3504	17482	2693	3876	39	441	4493	5431	6927	3008	3677	3920	1729	42	0	2	0	8	44	2	2	12	63	101	8185
10q23_PTEN_E8_STA100509	20046	14900	15116	21211	4652	5026	8338	4492	21679	3519	5115	38	509	5488	7123	8526	3683	4605	4776	1979	42	0	2	0	8	42	2	2	12	64	122	10472
10q23_PTEN_E8_STA101829	18448	12036	13318	17140	4064	4398	7251	3844	19266	3045	4322	32	354	4860	6295	7405	3181	3966	4030	1780	42	0	2	0	8	40	2	0	12	64	122	9060
10q23_PTEN_E9_STA101842	11284	12083	10381	13101	2989	3230	5178	2850	14069	2132	3793	0	280	3124	3182	6078	2716	1892	2849	1696	0	0	2	2	0	0	4	0	0	10	2	7222
10q23_PTEN_E9_STA100512	11278	12082	10377	13096	2990	3226	5176	2847	14060	2131	3791	0	280	3119	3181	6077	2715	1891	2847	1696	0	0	2	2	0	0	4	0	0	10	2	7219
10q23_PTEN_E9_STA100514	9992	8532	7756	11794	2792	3740	3998	2124	13094	3090	3122	2	262	2826	4064	5460	1938	1998	3328	826	2	0	0	0	0	0	4	0	14	2	14	6602
13q13_BRCA2_E2_STA100515	5522	8168	1046	144	1158	1228	1750	1918	4810	5124	1938	0	54	580	1484	2152	1344	898	1214	244	2	0	0	0	0	2	0	2	2	2	8	942
13q13_BRCA2_E3_STA100516	40391	63896	43525	37283	11806	13500	11162	10123	45183	38323	17009	12	936	9002	13696	16332	7008	6329	10131	3692	0	8	6	8	22	10	68	4	6	6	112	10315
13q13_BRCA2_E3_STA100517	45450	77623	46864	42958	13107	15686	12062	11350	50334	44395	18568	16	1009	10184	15820	18751	7893	7102	11805	3947	2	9	8	8	22	12	70	4	6	8	118	12268
13q13_BRCA2_E3_STA101751	21449	44469	22723	24989	6015	7898	6101	6019	27112	23731	7219	36	347	5131	7841	9299	4211	3775	5744	1605	34	4	4	2	2	8	6	4	58	6	28	10443
13q13_BRCA2_E3_STA100519	14062	29200	13560	16590	3818	5418	3727	3708	18157	15728	4656	30	168	3351	5011	6153	2410	2355	3873	901	34	2	4	2	2	4	4	2	58	6	20	6444
13q13_BRCA2_E4_STA100520	8668	18497	8415	10008	2636	2628	2510	2655	11539	10119	4034	4	102	2129	2710	4452	1228	1365	2393	727	0	2	2	2	14	8	0	2	4	2	34	5276
13q13_BRCA2_E4_STA100521	8671	18515	8418	10013	2638	2632	2510	2655	11547	10126	4035	4	102	2129	2712	4454	1228	1365	2396	728	0	2	2	2	14	8	0	2	4	2	34	5278
13q13_BRCA2_E5_STA100522	4331	8712	6654	5037	1029	1333	1656	1431	4950	5322	2942	0	84	1138	1182	2363	1046	618	1076	482	0	0	0	0	2	0	0	0	2	0	10	3164
13q13_BRCA2_E6_STA100523	4329	8706	6647	5033	1027	1331	1655	1430	4944	5318	2940	0	84	1138	1180	2360	1043	618	1076	481	0	0	0	0	2	0	0	0	2	0	10	3161
13q13_BRCA2_E7_STA100524	18693	29842	19718	18625	5460	6138	5139	4581	21517	19886	8035	4	492	4793	5379	7326	3118	3130	4609	1264	8	0	2	4	2	0	0	2	70	2	20	9053
13q13_BRCA2_E7_STA100525	18520	29568	19503	18442	5400	6078	5096	4531	21276	19656	7964	4	483	4749	5322	7224	3093	3100	4556	1255	8	0	2	4	2	0	0	2	69	2	20	8957
13q13_BRCA2_E8_STA100526	15720	15988	9260	9504	2790	3224	1932	2358	13686	8918	5608	0	206	2044	2428	2786	1646	1870	2678	656	0	0	0	0	2	8	0	0	0	0	2	4200
13q13_BRCA2_E9_STA100527	12217	28992	12821	19145	5864	5500	3996	5341	23815	17536	5913	4	447	3014	4993	7795	1647	2078	4142	881	43	2	4	10	2	7	2	4	62	14	41	7997
13q13_BRCA2_E9_STA100528	19806	42095	18331	25843	8181	8202	5906	7453	32592	25784	9186	4	692	4898	7142	10371	2498	3018	5746	1562	120	4	6	14	2	8	2	4	102	16	76	11451
13q13_BRCA2_E9_STA100529	17780	36263	16151	22195	7352	7252	5083	6636	29384	22245	7944	4	642	4256	6220	8597	2158	2656	4983	1334	120	4	4	14	0	8	2	4	98	14	74	10055
13q13_BRCA2_E10_STA100530	14775	30798	12851	15815	4160	5326	3779	3285	16592	17233	7376	8	76	3155	5540	6872	2268	2309	3883	898	66	6	2	0	0	2	2	4	38	12	42	7304
13q13_BRCA2_E10_STA100531	16502	35848	15157	17960	4635	5962	4296	3925	18644	19165	8186	10	106	3585	6159	7905	2632	2628	4352	1057	66	8	2	2	0	2	4	4	48	12	46	8383
13q13_BRCA2_E10_STA100532	25242	49079	25673	30609	7660	9138	6276	6403	31290	27865	8466	6	546	5515	9204	10248	3467	4240	5971	1716	68	2	4	2	2	4	10	2	84	4	50	12553
13q13_BRCA2_E10_STA100533	25952	55783	23009	34735	7760	10219	5755	7219	36536	33363	7205	4	632	5657	9405	10172	3744	4365	6394	1677	8	2	4	4	6	4	10	6	52	6	32	12302
13q13_BRCA2_E10_STA100534	40953	80620	27800	41507	11286	14574	6981	9516	50642	46934	9189	4	693	8891	13515	14021	5215	6455	8773	2557	12	10	6	2	8	8	12	14	55	12	64	15118
13q13_BRCA2_E10_STA100535	39251	75411	20741	32498	10377	12883	5561	8405	47991	41070	8352	2	438	9157	12252	11934	4965	5886	7841	2347	12	12	6	2	6	4	6	18	40	10	94	11534
13q13_BRCA2_E10_STA100536	38581	71595	26570	30790	10742	12777	6786	9525	44638	37686	9499	2	411	10096	11672	12896	5766	6134	7282	2485	16	14	10	10	2	6	4	24	48	12	80	12840
13q13_BRCA2_E10_STA100537	25891	50658	23283	27545	7908	9322	6012	7638	33607	26614	8218	1	409	7338	8774	10105	4544	4460	5585	1711	12	4	10	10	4	5	2	38	36	13	44	11506
13q13_BRCA2_E10_STA100538	19694	38152	19198	22690	5901	7429	5375	6184	26024	22877	7350	6	266	5093	6458	8373	3568	3556	4400	1245	48	2	10	10	6	6	2	41	27	13	156	9893
13q13_BRCA2_E10_STA100539	19853	39258	15077	21906	5490	7082	4412	4652	27059	26166	6289	10	264	4191	6928	8765	2752	2940	4763	1082	38	0	8	4	10	6	2	30	40	12	166	8869
13q13_BRCA2_E10_STA100540	46187	84954	55529	53851	15206	17234	14998	13192	60502	56458	19996	46	816	11080	17392	19196	8115	8533	13803	3545	186	10	39	42	68	2	10	6	60	36	311	24082
13q13_BRCA2_E10_STA100541	39782	74591	51079	47549	13733	15080	13444	11673	51562	48935	17766	43	757	9772	15642	17192	7299	7565	12552	3176	148	10	36	42	66	2	10	4	47	34	157	21704
13q13_BRCA2_E10_STA100542	50553	94380	62177	57929	16986	17942	16486	14347	65694	58968	21508	46	900	12012	18743	20604	8762	9105	15181	4146	148	12	36	42	70	6	10	4	76	46	176	27088
13q13_BRCA2_E10_STA100543	22901	40178	26176	25107	7222	6254	6850	6716	30476	23631	8626	4	380	5252	7342	8751	3878	3406	5549	1970	0	10	30	0	4	4	2	2	32	42	42	11990
13q13_BRCA2_E11_STA100544	7998	16955	9776	11117	3410	3013	3471	2392	10456	8975	4836	0	96	2522	2996	4228	1044	1044	2350	978	0	0	0	0	2	0	2	0	8	0	6	5082
13q13_BRCA2_E11_STA100545	32084	53530	19406	33969	8843	9962	6375	6707	41491	29922	10429	40	662	5885	9254	14120	3268	3837	6611	2134	0	4	2	12	8	8	12	8	26	112	20	12048
13q13_BRCA2_E11_STA100546	32617	54899	18584	33819	8137	10131	5410	6892	42619	31037	9127	40	809	5989	9439	14258	3628	4142	6763	2160	2	6	4	16	6	10	10	14	30	116	20	11521
13q13_BRCA2_E11_STA100547	42141	68956	27092	43135	10887	12658	7507	9702	51780	40526	10886	40	922	7927	11990	16794	5457	5704	8408	2598	2	6	54	16	8	12	12	14	32	116	22	14377
13q13_BRCA2_E11_STA100548	24137	44342	25063	27365	7136	7496	6256	7482	28333	25134	7280	2	398	6019	7492	9799	4384	3835	5585	1993	2	2	52	4	2	6	4	6	26	4	8	10508
13q13_BRCA2_E11_STA100549	35309	66131	33786	40152	10323	11416	9351	9899	42234	40937	11562	4	395	7912	11104	14650	5587	5407	8824	2352	10	2	52	2	4	4	4	2	22	2	87	15605
13q13_BRCA2_E11_STA100550	35275	71014	32709	40286	10380	12067	9103	9275	46364	41753	11809	8	326	8479	12416	16523	5402	5721	9662	2423	12	2	2	8	2	2	2	5	24	6	115	16825
13q13_BRCA2_E11_STA100551	37001	77906	34152	42152	10961	13597	9780	9481	48498	44576	13225	18	565	9670	13653	17120	5778	6349	10208	2539	12	2	4	10	4	3	0	12	22	33	120	17967
13q13_BRCA2_E11_STA100552	37895	76367	34749	38833	10928	13447	9915	9300	41471	38937	13066	18	496	10654	13000	15752	6150	7460	9658	2927	16	2	2	8	8	18	4	16	70	38	82	17183
13q13_BRCA2_E11_STA100553	34276	71185	35819	38115	10067	13394	9689	9570	36852	35558	13003	18	620	10063	11931	13317	6210	7109	8976	2749	16	4	2	2	8	24	4	18	70	34	48	16863
13q13_BRCA2_E11_STA100554	36136	70508	37477	38730	10492	13317	9881	10721	39476	37846	12656	8	442	9666	11909	14665	6509	6995	9210	2842	18	4	2	0	6	20	6	12	92	36	82	17669
13q13_BRCA2_E11_STA100555	21786	45637	26305	27002	7081	8876	6375	7521	28525	24962	8801	6	365	6202	8201	10606	4584	3911	5741	1850	4	4	6	2	0	8	6	6	40	30	42	12741
13q13_BRCA2_E11_STA100556	16076	32263	16518	17558	4771	5680	4204	4994	19524	18375	6856	2	134	3920	5241	8153	2817	2341	3640	1274	8	2	6	2	0	2	8	0	36	36	42	8629
13q13_BRCA2_E11_STA100557	18476	35395	17644	18744	5195	6438	4956	4324	21264	18726	9050	2	204	4649	5906	8034	3041	3762	3941	1411	6	2	4	4	2	6	6	0	4	8	16	8947
13q13_BRCA2_E11_STA100558	22065	38793	19470	20446	5184	6967	5165	5540	24933	20155	9126	4	296	4952	6365	8399	3439	4104	4304	1642	6	2	2	4	6	4	4	2	0	8	14	9282
13q13_BRCA2_E11_STA100559	25218	46765	23930	23416	6175	8010	6181	6634	27301	22593	9731	4	415	5771	7639	10388	4521	5043	5158	1862	0	4	4	4	8	8	2	10	0	2	32	10582
13q13_BRCA2_E11_STA100560	29948	57245	14088	13849	7044	9008	5664	5724	33594	30699	8342	7	313	4523	9896	12136	4821	4629	6240	1525	2	7	3	3	15	10	3	11	14	4	55	7291
13q13_BRCA2_E11_STA100561	58399	97695	33868	37641	15356	19277	10142	10854	61995	59402	16031	14	715	11004	20888	20128	9541	10426	14558	3603	4	10	3	10	20	16	6	14	91	68	138	16908
13q13_BRCA2_E11_STA100562	58620	96515	30669	36298	15269	19590	9191	10415	63129	60282	15368	14	744	11746	20858	18932	9233	10433	14309	3616	6	8	4	10	20	14	6	6	98	68	144	16189
13q13_BRCA2_E11_STA100563	55860	109050	56409	72056	15124	14924	10783	11876	44734	60528	26324	10	1314	13562	20084	21075	11538	13261	18548	4969	113	4	12	12	16	8	8	8	140	68	226	29711
13q13_BRCA2_E11_STA100564	28828	75719	38721	50157	7882	5469	6996	6865	18196	34022	20260	8	874	7544	9707	14117	7318	8267	10976	3062	122	2	12	8	10	2	4	6	74	4	154	21971
13q13_BRCA2_E11_STA100565	29412	77189	39910	50810	7776	5462	7960	7041	18898	35152	23006	18	849	6796	9823	15630	7244	7763	11818	3042	128	4	10	12	8	2	10	10	74	6	186	23599
13q13_BRCA2_E11_STA100566	19088	43190	17028	19632	5547	6777	4981	4810	21738	20955	10894	16	290	4329	6400	9206	3240	3288	5437	1548	36	4	2	8	2	6	6	6	18	2	80	10825
13q13_BRCA2_E11_STA100567	16851	35080	15186	16162	4313	5669	4376	4492	18379	18492	9236	14	276	3688	5410	7568	2725	2396	4625	1183	26	2	0	6	0	6	10	4	8	2	88	9262
13q13_BRCA2_E11_STA100568	30142	54812	29765	29874	7349	10504	7640	9329	28838	27811	9506	4	332	7023	8880	11770	6099	5186	7016	2147	22	6	6	6	2	8	4	4	10	97	36	15673
13q13_BRCA2_E11_STA100569	43572	77651	37908	39738	10417	14332	9993	12079	42541	38592	11757	38	625	10395	12602	16957	7977	7191	9003	3382	6	8	8	8	10	4	4	8	114	100	32	19755
13q13_BRCA2_E11_STA100570	80337	140687	61352	68161	21515	28629	15854	18627	90702	75879	23049	54	1340	18410	26503	32051	11587	13725	19050	6147	8	14	14	12	22	12	8	103	128	170	100	34484
13q13_BRCA2_E11_STA100571	68666	118546	50429	54514	18787	23949	13260	13807	79732	66036	21376	56	1264	15716	23388	26549	8488	11882	16374	5672	18	10	8	8	24	10	8	100	176	78	114	27686
13q13_BRCA2_E11_STA100572	57482	97031	42602	45722	16074	20864	10918	11689	68694	56644	17980	24	936	12965	19972	21628	6994	10222	14441	4457	20	8	8	6	16	10	8	96	72	76	119	23839
13q13_BRCA2_E11_STA100573	52498	90918	30845	44393	12344	17278	8898	10969	61498	63886	12889	66	942	10305	17101	15657	6295	7384	11906	2665	68	14	10	14	12	14	36	10	82	16	233	18586
13q13_BRCA2_E11_STA100574	43781	77865	21670	37737	10317	14621	6254	9296	53378	55508	9588	64	841	8197	14237	13122	4923	5542	9990	1711	54	12	10	14	8	12	36	10	26	10	210	14818
13q13_BRCA2_E11_STA100575	61590	109299	35384	55736	14804	21839	9421	14470	73617	74814	13447	66	1316	12278	19074	18120	8580	8548	13544	2642	92	16	10	14	12	14	36	12	32	65	253	21264
13q13_BRCA2_E11_STA100576	50757	89466	30497	43323	11788	17500	7581	12068	59760	60883	10622	62	1175	10126	15310	13430	7142	7416	10790	2222	80	10	8	12	10	10	6	8	151	64	170	16655
13q13_BRCA2_E11_STA100577	25839	48815	22920	27100	6896	10296	5915	7709	29623	27849	7121	2	594	6449	7932	8337	5404	5145	5709	1842	58	4	2	0	4	4	0	2	136	58	54	10409
13q13_BRCA2_E11_STA100578	17989	34384	18686	18479	4727	5756	5095	5032	20017	18177	5841	4	223	4360	5829	6101	3335	3867	4032	1772	20	0	2	2	0	4	0	8	130	6	28	7240
13q13_BRCA2_E11_STA100579	13188	26509	13566	13872	3596	4280	3676	3510	14696	13455	4417	4	166	3081	4264	4704	2422	2660	3028	1310	2	0	0	2	0	2	0	8	0	6	26	5304
13q13_BRCA2_E11_STA101754	17815	36551	15469	17372	4558	5642	4389	4502	20207	18474	6002	4	159	3512	5509	6844	2707	3055	3958	1374	12	0	4	3	8	5	30	9	1	5	38	7058
13q13_BRCA2_E11_STA100581	15737	35134	13808	15377	4063	5011	4082	4227	19267	17388	6338	4	135	3056	4548	7772	2284	2448	3543	1076	14	2	6	2	12	4	44	4	2	0	112	7566
13q13_BRCA2_E11_STA100582	33655	67143	30558	35131	9040	11683	7751	9141	40744	37274	11202	6	600	7264	10838	13853	4769	5920	7831	2091	14	18	8	8	16	6	44	10	10	4	138	17009
13q13_BRCA2_E11_STA100583	33669	67173	30581	35153	9044	11690	7757	9144	40768	37294	11205	6	600	7268	10842	13856	4772	5923	7834	2094	14	18	8	8	16	6	44	10	10	4	138	17016
13q13_BRCA2_E11_STA100584	38796	77639	33778	38288	10458	13746	8067	9957	45904	43011	12795	6	745	8446	12961	15853	5270	6830	9358	2444	6	18	8	12	14	6	30	10	10	6	124	18350
13q13_BRCA2_E11_STA100585	33595	63263	28745	32984	9085	12179	6417	8968	39375	36091	9909	8	807	8029	11575	12799	4979	6390	8347	2162	2	18	86	10	30	6	2	6	10	6	36	15634
13q13_BRCA2_E11_STA100586	22362	46869	19447	20196	6092	7972	4718	5717	25079	23125	8472	8	398	6139	8072	9435	4383	4459	5400	1830	2	4	86	6	38	4	4	0	12	8	30	9691
13q13_BRCA2_E11_STA100587	35124	67613	31709	35885	9046	12020	8411	8484	45840	37661	15507	12	522	9124	12469	11413	7107	6464	8250	2568	6	4	86	10	42	4	8	2	18	6	122	16001
13q13_BRCA2_E11_STA100588	55558	100501	56828	60995	15455	19356	15085	14847	72281	57327	23049	8	702	13068	18961	17325	11307	10749	12983	3922	6	6	8	20	24	6	14	4	26	8	118	26713
13q13_BRCA2_E11_STA100589	58727	102799	54064	64318	15875	20173	14688	15109	76242	61504	22293	20	704	12439	18715	18684	10445	10713	13762	3622	8	6	8	26	18	10	66	4	28	58	106	26298
13q13_BRCA2_E11_STA100590	50922	89202	43873	51545	13770	17225	11897	13286	59240	50201	15981	20	674	10889	14851	17693	8500	9968	10960	3251	6	6	8	18	12	12	60	2	60	60	14	21174
13q13_BRCA2_E11_STA100591	29471	54720	18648	28640	7087	9592	5319	6504	31194	31053	8491	22	366	6556	8913	12117	3807	5428	6010	1674	4	2	6	12	6	8	54	0	54	62	16	10391
13q13_BRCA2_E11_STA100592	34180	62347	28093	32739	8313	10865	7475	8567	34870	34715	10707	8	520	8513	11088	13963	5108	6160	6817	2181	4	2	12	6	1	4	0	0	47	6	39	13989
13q13_BRCA2_E11_STA100593	23335	41980	23121	25660	5890	7462	6072	6665	24534	25126	8273	4	322	5830	8128	10219	3824	3949	5078	1450	2	2	10	6	2	0	0	0	10	4	40	11113
13q13_BRCA2_E11_STA100594	24138	46623	21726	22600	6212	7470	5825	6222	25263	26102	7942	12	324	5940	7708	9248	3724	4126	4955	1889	48	6	12	4	2	2	2	0	8	4	42	10685
13q13_BRCA2_E11_STA100595	19163	39108	20095	19367	5387	6247	5320	5544	22436	23414	6396	12	214	4915	6006	7883	3802	3572	4665	1694	46	6	8	16	2	4	2	2	24	4	30	9890
13q13_BRCA2_E11_STA100596	23385	47351	25305	23903	6514	7466	6675	6717	25292	27349	7988	12	305	6438	7533	9801	4701	4289	5801	2282	46	6	8	16	2	10	2	4	30	10	62	12331
13q13_BRCA2_E11_STA100597	18378	38095	21411	19905	5197	6209	5632	5614	20622	22106	7088	0	304	4977	6077	9111	3932	3146	4922	1548	4	2	4	14	4	8	2	4	40	6	55	10545
13q13_BRCA2_E11_STA100598	29321	59503	27857	30712	9439	10476	7443	7292	37037	31772	11966	19	256	7076	10958	14178	4749	5529	7872	2415	10	4	6	2	6	8	22	6	138	34	78	13603
13q13_BRCA2_E11_STA100599	27161	58042	27696	31635	9221	10411	7517	7436	36396	30987	11232	22	115	6523	10648	13454	4711	5341	7224	2287	10	6	6	2	4	2	22	6	162	40	52	12945
13q13_BRCA2_E11_STA100600	29377	57332	30161	34513	9763	10864	8348	7914	39017	33879	11750	21	224	6931	11037	13337	5253	5690	7550	2377	6	6	6	2	4	2	42	6	175	44	56	13866
13q13_BRCA2_E11_STA100601	10020	19983	12507	13692	3052	3708	3682	3243	11758	13570	4094	2	208	2448	3545	4248	2236	1855	2248	880	0	2	0	0	2	0	22	2	60	16	16	5454
13q13_BRCA2_E12_STA101760	5536	14415	6700	7215	1749	1980	2100	1724	6579	5726	4612	6	70	1250	1987	2672	988	828	1696	478	10	0	0	0	2	0	0	2	48	14	8	3880
13q13_BRCA2_E12_STA100603	5538	14418	6698	7215	1749	1980	2099	1724	6582	5725	4610	6	70	1250	1986	2672	988	828	1696	477	10	0	0	0	2	0	0	2	48	14	8	3881
13q13_BRCA2_E13_STA103257	11400	22358	12914	12904	2826	3548	3226	2894	12135	11460	8586	0	476	3216	3492	5248	2136	2116	2888	1014	0	2	4	0	2	0	0	2	54	6	14	7174
13q13_BRCA2_E13_STA100605	11399	22358	12914	12904	2826	3548	3226	2894	12136	11460	8586	0	476	3216	3492	5248	2136	2116	2888	1014	0	2	4	0	2	0	0	2	54	6	14	7174
13q13_BRCA2_E14_STA100606	31139	47542	25921	26888	7490	9478	6314	7648	28773	30930	10342	0	372	6841	7478	8879	3812	4643	5192	2458	8	4	2	0	8	0	12	6	10	18	54	11726
13q13_BRCA2_E14_STA100607	33754	53319	29090	30331	8472	10558	7130	8427	31719	34684	11770	4	396	7739	8612	10721	4377	5125	6026	2763	12	4	2	2	8	4	12	6	14	18	68	13382
13q13_BRCA2_E14_STA100608	12184	24656	15353	16478	4062	5042	3707	3911	15865	16906	5274	4	154	3859	4281	6768	2436	2070	3227	1266	6	2	3	2	4	22	0	2	8	6	32	7269
13q13_BRCA2_E14_STA100609	10894	23819	12857	14890	3565	4338	3806	3301	14842	14578	5420	4	80	3269	4300	5901	1811	1932	3069	1042	4	0	6	2	0	32	0	0	6	0	34	7070
13q13_BRCA2_E14_STA100610	8288	18065	9700	11461	2584	3263	2994	2522	11907	10839	4002	0	56	2378	3166	4062	1248	1454	2234	738	0	0	6	0	0	28	0	0	2	0	20	5409
13q13_BRCA2_E15_STA100611	31098	48519	28421	35407	9426	11280	7501	8688	41711	33350	12148	6	531	6897	9425	12670	4973	3851	7342	1917	4	4	4	0	10	10	6	4	41	38	184	14490
13q13_BRCA2_E15_STA100612	41255	65711	41357	45577	12230	14899	11592	11513	53490	46627	17764	6	824	9988	12910	16272	7133	5960	10288	2964	10	76	8	2	12	12	6	4	44	62	260	20462
13q13_BRCA2_E15_STA100613	30126	48009	37287	37307	9057	11215	10239	9330	35774	32359	14299	4	578	8449	9965	12010	6219	5235	7899	2690	10	72	8	2	6	10	0	2	42	24	198	17112
13q13_BRCA2_E16_STA101759	6933	15561	10847	10157	2349	2537	2769	2518	9248	8600	3954	14	88	2290	2536	3221	1615	1473	2456	718	4	0	20	0	2	0	0	2	12	0	38	4759
13q13_BRCA2_E16_STA100615	12831	26254	16507	18090	3918	4338	4591	4263	17396	16253	6092	22	192	3728	4273	5357	2563	2334	4051	994	8	4	20	2	2	2	0	4	26	2	70	7606
13q13_BRCA2_E16_STA100616	9725	17601	10625	12078	2617	2952	3003	2891	12931	11811	3867	22	174	2497	2892	3790	1618	1498	2609	540	8	4	2	2	2	2	0	2	26	2	68	5069
13q13_BRCA2_E17_STA100617	21288	28632	23881	24577	6441	8774	7730	6394	26915	18218	12097	4	192	6046	5661	6952	3216	3240	5738	1792	4	10	6	2	6	22	24	6	30	4	56	9820
13q13_BRCA2_E17_STA100618	29735	47569	29411	34743	8873	12335	9444	8449	38422	29993	15165	4	398	7735	9226	10509	4560	4339	7919	2317	4	12	6	2	10	24	24	12	56	6	60	13055
13q13_BRCA2_E17_STA100619	17885	24853	7669	17028	5026	6986	3546	3670	25111	18436	6768	4	270	4183	5645	5484	1796	1652	4104	896	2	6	2	0	4	14	12	8	28	6	4	4302
13q13_BRCA2_E18_STA100620	30557	52889	21230	25070	7544	9501	5121	6983	32589	30455	7118	2	454	7246	8696	10706	3704	5110	5747	2021	4	6	2	2	4	22	14	0	4	12	98	10085
13q13_BRCA2_E18_STA100621	32938	56157	23150	27693	8255	10697	5747	7604	35349	33386	7793	2	460	8092	9755	11426	4084	5479	6397	2189	4	6	2	2	6	22	14	0	4	12	98	11112
13q13_BRCA2_E18_STA100622	52737	75595	40859	51745	13447	16018	11980	11311	59584	61082	16206	4	812	11605	14788	14895	6994	8422	11381	3277	62	16	2	12	38	4	108	0	170	16	402	21702
13q13_BRCA2_E18_STA100623	30439	40938	27981	34553	7928	9223	8840	6982	36921	39030	11698	2	498	6723	8848	8292	4504	5032	7434	1930	58	14	0	10	34	2	98	0	168	4	368	15264
13q13_BRCA2_E19_STA100624	23117	38765	30194	24328	7042	7660	8625	6414	25931	24727	14600	10	284	7041	6936	9237	4737	5246	6344	2531	68	4	6	0	2	4	44	0	104	10	86	13627
13q13_BRCA2_E19_STA100625	37070	68345	51477	48913	13523	13289	14970	12137	48315	43240	21582	14	429	10852	12811	18947	6965	7181	10950	3944	134	6	12	6	2	6	44	6	106	18	88	24241
13q13_BRCA2_E19_STA100626	19068	38021	28526	31019	7889	7398	8340	7385	28047	24679	9784	4	254	5343	7357	12042	3486	2808	5798	1922	134	4	8	6	0	4	0	6	64	16	44	13980
13q13_BRCA2_E20_STA100627	5815	11445	6131	6417	1807	2227	2064	1453	8919	6130	2571	0	64	1533	1855	3166	799	669	1492	584	0	2	4	0	0	4	2	8	6	0	14	2777
13q13_BRCA2_E20_STA100628	5830	11483	6153	6436	1815	2236	2070	1458	8947	6141	2586	0	64	1536	1865	3178	802	670	1498	584	0	2	4	0	0	4	2	8	6	0	14	2793
13q13_BRCA2_E21_STA100629	11134	18532	11033	11978	3170	3652	3691	3090	13102	12959	6194	6	235	3333	3487	4365	1672	1917	2697	1165	24	14	6	18	0	0	0	0	31	6	107	5575
13q13_BRCA2_E21_STA100630	11172	18595	11072	12028	3184	3666	3706	3099	13157	13008	6218	6	238	3344	3499	4375	1680	1932	2703	1170	24	14	6	18	0	0	0	0	32	6	108	5598
13q13_BRCA2_E22_STA100631	85453	118231	63570	68899	20362	26958	15804	18776	80184	76281	23305	42	676	17763	22583	26332	11451	14021	18211	6589	71	10	14	14	18	14	23	8	111	10	128	34265
13q13_BRCA2_E22_STA100632	91710	131660	70563	75408	22117	28982	17690	20342	86500	83274	25713	44	764	19549	24419	29313	12443	15082	19640	7286	74	12	14	14	20	16	26	8	124	10	128	37410
13q13_BRCA2_E22_STA100633	58049	81650	40158	42118	13211	18307	11048	11391	49262	50112	15047	6	546	13529	13866	17386	7840	10043	11768	5332	72	6	6	6	6	4	11	4	28	2	68	20186
13q13_BRCA2_E23_STA100634	9587	15992	10219	10770	2640	2669	2855	2697	11945	11459	5240	2	302	2279	3265	3567	1341	1859	2752	740	66	6	4	0	0	0	2	4	16	0	36	5934
13q13_BRCA2_E23_STA100635	16188	29322	19538	18635	4607	4650	5872	4972	19003	19119	8014	2	360	4262	5411	6291	2626	3496	4443	1397	68	10	8	2	0	2	8	4	16	0	36	9222
13q13_BRCA2_E23_STA100636	25032	47688	29236	28889	7152	7607	8118	7892	27626	26303	9040	4	564	6163	8291	9415	4692	5276	7017	2033	70	10	8	4	0	2	14	2	14	6	76	12535
13q13_BRCA2_E23_STA100637	25035	47689	29235	28890	7153	7606	8116	7891	27631	26304	9041	4	564	6165	8291	9416	4693	5278	7018	2034	70	10	8	4	0	2	14	2	14	6	76	12535
13q13_BRCA2_E24_STA100638	21390	44254	25402	25466	6118	6967	7259	7081	24574	22993	7007	4	412	5545	7563	8721	4216	4424	5963	1788	4	6	6	4	0	2	14	0	18	6	46	10129
13q13_BRCA2_E24_STA100639	14797	30954	16095	17602	4150	4989	4238	4812	17526	15348	4241	4	354	3568	5414	6004	2930	2790	4272	1128	2	2	2	2	0	0	8	0	18	6	46	6855
13q13_BRCA2_E25_STA100640	10191	24945	6622	8006	2644	3672	1687	2062	9334	9750	3077	0	76	2684	2839	3855	1470	1629	2696	659	40	4	2	0	4	4	2	0	2	2	12	3458
13q13_BRCA2_E25_STA101752	24167	57054	16173	20521	6824	8863	4027	5483	25860	26814	7402	5	272	6600	7635	9827	4092	4815	6162	1922	43	6	3	2	6	10	2	1	11	6	126	8921
13q13_BRCA2_E25_STA100642	23372	52787	16200	20548	6203	8534	3969	5693	25254	24824	6837	6	237	6666	7170	9121	4239	4825	5707	1914	44	4	2	2	4	14	0	2	10	4	130	8931
13q13_BRCA2_E25_STA100643	24373	53512	17627	21516	6454	8607	4402	6039	28303	28269	7819	6	320	6713	7604	9852	4255	4891	6022	1925	36	4	2	2	3	12	0	2	16	4	145	10193
13q13_BRCA2_E25_STA100644	11363	20565	7696	8565	2289	3351	1925	2829	13096	12042	3192	2	124	2548	2866	4095	1711	1620	2387	569	14	4	2	0	0	8	0	2	8	0	38	4886
13q13_BRCA2_E26_STA100645	29181	47184	24277	31012	7075	9527	5540	7471	37750	29695	7798	6	238	5906	8470	10301	4612	4812	5586	1598	2	2	2	4	4	8	16	4	20	8	8	11440
13q13_BRCA2_E26_STA100646	54592	81858	49316	57358	13228	16627	12722	13292	68634	54253	17972	50	616	10826	15165	18860	7894	9179	10899	3124	8	8	6	10	8	20	18	10	70	164	138	24347
13q13_BRCA2_E26_STA100647	34439	52714	31390	36273	8576	10233	8505	8292	44367	34096	12588	48	458	6540	9664	12001	4608	5916	7189	1940	8	6	6	10	6	16	6	6	52	158	136	16710
13q13_BRCA2_E27_STA100648	10855	22587	7158	9035	2778	3422	1664	2319	13906	11426	2559	4	122	2526	3378	5248	920	1844	1988	756	20	2	0	0	4	6	2	0	16	0	30	3602
13q13_BRCA2_E27_STA100649	32434	53500	18620	27466	8533	10731	4393	6065	36843	32660	6459	4	380	7150	9772	14030	3582	4925	6793	1619	22	6	2	4	8	16	2	8	22	2	58	9275
13q13_BRCA2_E27_STA100650	36889	56380	26708	33305	9793	12290	6346	7967	40282	38988	7761	0	734	8209	11359	14370	4977	5558	8273	2106	11	7	4	6	4	16	0	8	14	10	68	12165
13q13_BRCA2_E27_STA100651	43817	74085	28897	37236	11257	14888	6895	9155	47119	47973	9419	0	814	9150	13682	18498	5516	6104	9614	2318	14	8	8	8	12	18	6	12	16	10	57	13862
13q13_BRCA2_E27_STA100652	45683	82643	36346	40290	11478	15748	7921	12935	54409	49309	9559	8	1244	10519	13920	18546	6536	6818	9210	2992	12	8	14	8	14	12	6	8	18	14	130	16794
13q13_BRCA2_E27_STA100653	37261	70468	24097	29292	8734	12588	5063	10036	46103	37873	7418	14	806	8430	10553	14950	4807	5215	6719	2175	2	4	12	14	18	10	6	8	24	6	126	12313
13q13_BRCA2_E27_STA100654	28408	48669	21919	24500	7002	9499	4526	8677	36490	26969	5684	14	716	7236	7810	10391	4256	4586	5092	1959	0	4	8	12	10	6	0	4	20	6	119	10405
17q11_NF1_E1_STA103253	32	58	38	52	14	14	6	26	164	68	20	0	0	6	12	38	4	2	8	2	0	0	0	0	0	0	0	0	0	0	0	34
17q11_NF1_E2_STA100793	31226	24459	21166	28518	7327	9213	6767	7792	61460	40815	8644	6	564	6525	10176	14306	5468	5599	6892	2182	4	16	6	10	24	22	56	16	16	8	114	12176
17q11_NF1_E2_STA100794	32530	26181	24407	31434	7958	9875	8294	8529	63642	42365	10174	6	593	7166	11187	15092	5904	6145	7453	2455	4	13	6	8	22	21	56	15	33	29	135	13655
17q11_NF1_E2_STA100795	17489	15418	18055	20388	4727	5631	6290	5328	34875	20562	6260	2	320	4572	6770	7681	3513	4279	4140	1794	0	2	0	4	16	10	56	10	20	24	34	9019
17q11_NF1_E3_STA100796	10561	9568	6076	10087	2591	2922	2521	2682	17121	10882	5388	0	228	1835	3774	6299	1793	2103	2902	774	4	0	0	2	0	6	24	8	0	16	38	4859
17q11_NF1_E3_STA100797	12732	11058	8126	12587	3128	3451	3278	3251	21323	12971	6705	0	288	2380	4428	7243	2108	2572	3532	932	4	0	0	2	0	6	24	12	0	18	46	6031
17q11_NF1_E3_STA100798	11163	9562	7592	10965	2759	3052	2990	2929	17502	10861	6028	0	227	2169	3765	6247	1938	2362	3142	862	0	0	0	2	0	4	24	12	0	14	16	5509
17q11_NF1_E4_STA100799	12987	9652	9519	13661	3062	3525	3389	3814	27322	13832	5781	4	178	2628	4637	6406	2030	2566	3274	856	12	2	6	4	4	2	34	2	28	4	28	7738
17q11_NF1_E4_STA100800	17004	12160	12616	17824	4059	4507	4524	4993	36454	18909	7787	6	284	3539	5881	7672	2659	3332	4160	1130	14	2	6	4	4	2	38	4	28	6	32	9467
17q11_NF1_E4_STA100801	4824	3497	3714	5109	1228	1196	1292	1514	10457	5957	2474	2	112	1231	1564	1686	776	966	1084	381	2	0	2	0	0	0	4	2	0	4	4	2135
17q11_NF1_E5_STA100802	3631	3817	4038	8236	1298	1489	1820	1339	13580	6851	3017	18	144	1142	1898	2443	741	638	1252	457	3	0	2	1	3	3	0	4	4	8	32	2700
17q11_NF1_E5_STA100803	6242	6554	6593	11577	2042	2220	2832	2354	19360	9903	5018	20	188	1896	2740	4134	1210	899	1884	674	4	0	2	2	4	4	7	4	6	8	36	4292
17q11_NF1_E5_STA100804	3408	3844	2972	4612	974	1018	1222	1226	7868	4339	2588	4	44	910	1208	2284	620	344	842	274	2	0	0	2	2	4	8	0	4	0	4	2062
17q11_NF1_E6_STA100805	15788	13524	16998	18006	3920	4778	6305	5279	30639	18602	9441	18	450	4529	4775	7677	4102	4089	4481	1348	18	2	10	6	2	4	2	8	14	2	72	9076
17q11_NF1_E6_STA100806	15796	13532	17004	18009	3921	4778	6303	5282	30661	18607	9442	18	450	4531	4774	7677	4104	4091	4486	1348	18	2	10	6	2	4	2	8	14	2	72	9080
17q11_NF1_E7_STA100807	15142	13400	10771	13931	3616	4194	3640	3734	27424	12370	5343	4	370	3212	4271	6845	2810	2634	3247	1487	54	10	4	2	2	0	18	6	10	0	2	7068
17q11_NF1_E7_STA100808	15624	13749	10967	14422	3692	4336	3708	3798	28599	13034	5460	4	382	3317	4423	7095	2883	2711	3347	1510	54	10	4	2	2	0	20	6	10	0	2	7241
17q11_NF1_E8_STA100809	14399	11856	9888	15964	3690	4893	3026	3878	29461	17682	5460	4	296	3390	5606	9353	2753	2430	4094	1142	4	12	34	4	2	2	40	10	26	4	10	6710
17q11_NF1_E8_STA100810	16259	13978	11806	17696	4106	5474	3557	4606	33001	20144	6342	4	312	3807	6226	10335	3209	2860	4512	1316	12	12	34	6	2	2	42	10	26	4	12	7739
17q11_NF1_E8_STA100811	13728	11123	11164	15829	3753	4689	3319	4156	27936	16500	5473	2	270	3428	5333	8963	2860	2550	3956	1210	12	8	34	6	2	0	38	6	22	4	10	7060
17q11_NF1_E9_STA100812	26892	17633	19347	28409	6360	8534	6544	8213	52952	30577	9138	2	340	4974	9116	11333	6060	5693	6241	1575	20	0	2	4	6	8	2	8	16	2	38	12948
17q11_NF1_E9_STA100813	32338	22591	23612	34448	7643	10361	8459	9792	63569	35880	12441	4	436	7076	10460	12933	7144	6814	7462	2118	20	0	2	6	6	10	2	8	20	2	120	15682
17q11_NF1_E9_STA101830	30571	20925	22993	33586	7306	9790	8280	9487	60604	34483	11921	4	390	6822	9858	11983	6845	6528	7004	2048	20	0	2	6	6	8	2	8	18	2	104	15086
17q11_NF1_E10_STA101819	11801	10648	7706	13574	2987	4103	2941	3476	25983	14902	4386	2	137	3081	3810	5392	3180	2653	2643	774	0	0	0	4	10	4	8	2	0	2	10	5011
17q11_NF1_E10_STA100816	11906	10715	7803	13687	3002	4119	2984	3521	26194	15008	4432	2	140	3107	3824	5447	3218	2670	2663	780	0	0	0	4	10	4	8	2	0	2	10	5063
17q11_NF1_E10_STA100817	8867	8050	6711	10456	2226	3019	2427	2805	19766	10809	3537	1	92	2512	2754	4218	2660	2080	1816	647	0	0	0	2	8	3	6	1	0	1	9	3987
17q11_NF1_E11_STA100818	6088	5477	4336	6585	1533	1671	1812	1501	13772	8796	2039	2	74	1378	2126	3394	1227	1184	1376	424	0	8	0	0	0	0	6	0	68	8	44	2513
17q11_NF1_E11_STA100819	6042	5450	4298	6541	1525	1655	1797	1494	13689	8735	2026	2	72	1367	2114	3368	1220	1175	1361	422	0	8	0	0	0	0	6	0	54	7	43	2492
17q11_NF1_E12_STA100820	34799	26358	28867	37185	8715	11243	9905	10294	66560	40755	8601	146	634	8553	13009	14552	8291	7945	8588	2761	6	8	8	8	10	10	4	8	76	36	252	16906
17q11_NF1_E12_STA100821	35558	27458	29261	37738	8928	11455	9992	10500	67879	41804	8811	146	724	8783	13325	15102	8412	8098	8833	2881	6	8	10	8	10	12	4	8	78	36	254	17173
17q11_NF1_E12_STA100822	18190	16187	13213	19487	4944	6003	4214	5709	36389	19894	3516	142	502	4693	7502	8706	4765	4114	4023	1700	2	2	8	2	4	10	4	4	12	2	104	7977
17q11_NF1_E13_STA103254	34443	31528	23925	29385	7362	8896	8344	9662	70955	29234	13281	8	390	7432	9167	14566	7591	7411	7094	2790	14	10	6	12	16	12	6	12	24	4	15	13869
17q11_NF1_E13_STA100824	34555	31631	24000	29513	7389	8926	8374	9706	71182	29350	13330	8	390	7460	9193	14615	7626	7432	7129	2798	14	10	6	12	16	12	6	12	24	4	16	13916
17q11_NF1_E13_STA103210	34570	31635	24006	29535	7386	8930	8367	9706	71210	29360	13331	8	389	7459	9200	14624	7634	7436	7130	2800	14	10	6	12	16	12	6	12	24	4	16	13920
17q11_NF1_E14_STA100826	10392	9207	5161	11270	2337	3785	2037	3280	20566	14853	3138	2	186	2194	3565	5192	1412	1590	2698	552	8	12	0	2	0	4	8	0	32	4	137	3905
17q11_NF1_E14_STA100827	17031	14050	14544	19990	4312	5905	5160	5609	35873	22872	6241	14	316	4125	5788	8013	3280	3015	4581	1309	12	12	0	2	0	4	8	0	52	4	213	8057
17q11_NF1_E14_STA100828	16488	13535	14465	19500	4230	5770	5122	5536	34613	22394	6175	14	314	4063	5576	7590	3255	2969	4359	1294	12	12	0	2	0	4	8	0	52	4	213	7952
17q11_NF1_E15_STA100829	11204	9889	9662	10727	1926	3839	3894	3756	22582	13369	5320	10	158	2353	3577	6059	2398	2224	3154	920	2	2	2	4	4	2	2	0	40	0	194	6134
17q11_NF1_E15_STA100830	10556	9385	9124	10125	1824	3575	3704	3507	21202	12532	5034	10	152	2198	3397	5661	2264	2101	2948	876	2	2	2	4	3	2	2	0	36	0	183	5789
17q11_NF1_E16_STA100831	10509	8975	7372	9569	2142	2880	2849	2396	19042	10837	4056	2	118	2431	2955	4322	1964	1865	2171	898	14	2	2	2	4	2	20	4	118	10	22	4989
17q11_NF1_E16_STA100832	10528	8984	7383	9576	2146	2881	2850	2397	19059	10847	4060	2	118	2436	2956	4326	1963	1868	2176	900	14	2	2	2	4	2	20	4	118	10	22	4992
17q11_NF1_E17_STA100833	6848	5818	3873	6764	1521	1729	1508	1558	12807	6165	1769	2	173	1355	1836	3985	1296	1043	1161	514	2	2	2	0	0	4	0	2	33	0	8	2546
17q11_NF1_E17_STA100834	11373	10315	9186	11972	2620	2946	3308	3208	22281	11950	3653	2	352	2587	3422	5991	2614	2331	2450	939	2	4	2	0	2	4	0	2	60	0	38	5470
17q11_NF1_E17_STA100835	8363	7550	6212	8148	1888	2034	2116	2175	15577	8698	2360	0	232	1760	2492	3803	1704	1692	1772	568	0	4	2	0	2	0	0	0	60	0	30	3816
17q11_NF1_E18_STA100836	6472	5102	2112	4138	1250	1772	686	1334	12118	8090	2396	2	224	814	1510	2646	562	776	1400	108	18	0	2	4	0	4	0	2	30	2	18	2548
17q11_NF1_E18_STA100837	11883	10563	7631	12214	3545	4100	2619	3247	27339	16666	5108	10	376	2360	3813	5846	1787	2083	3091	535	18	0	2	4	0	6	34	4	30	46	18	6307
17q11_NF1_E18_STA100838	5442	5482	5532	8112	2298	2338	1934	1922	15296	8614	2726	8	152	1556	2312	3214	1228	1314	1698	428	0	0	0	0	0	2	34	2	0	44	0	3774
17q11_NF1_E19_STA100839	5693	5548	1739	3256	1268	1404	432	1294	11975	5834	2405	0	190	1207	1628	2286	711	835	1052	253	0	0	0	0	0	0	2	0	2	2	2	1945
17q11_NF1_E19_STA100840	5814	5639	1769	3300	1283	1419	440	1316	12175	5912	2451	0	192	1228	1644	2324	722	844	1062	254	0	0	0	0	0	0	2	0	2	2	2	1984
17q11_NF1_E20_STA100841	12969	9461	8895	13755	3047	3590	3524	4071	25229	14460	6066	0	386	3070	4580	4916	2929	2640	3128	981	2	2	0	10	0	16	2	6	14	0	84	6430
17q11_NF1_E20_STA100842	13039	9496	8946	13798	3065	3606	3541	4094	25358	14514	6091	0	386	3088	4589	4932	2950	2650	3144	984	2	2	0	10	0	16	2	6	14	0	84	6451
17q11_NF1_E21_STA100843	8161	7170	12721	13696	2600	2977	4647	3720	12627	10380	6443	0	124	3019	3688	4305	2934	2395	2467	1129	2	0	0	0	4	0	0	4	88	10	36	6382
17q11_NF1_E21_STA100844	8164	7172	12730	13702	2600	2978	4648	3721	12634	10384	6448	0	124	3020	3690	4306	2934	2396	2467	1130	2	0	0	0	4	0	0	4	88	10	36	6384
17q11_NF1_E21_STA101815	12572	10260	13204	20052	3990	4916	5150	4292	27457	18861	8488	2	200	3526	5501	6886	3371	3111	3580	1192	4	0	2	2	6	4	12	4	76	14	58	7857
17q11_NF1_E21_STA100846	23255	18188	8181	20304	5413	7509	3127	5010	51414	31667	7094	4	530	3908	7601	10663	3211	3292	4723	875	10	0	4	4	6	6	14	8	20	10	26	7997
17q11_NF1_E21_STA100847	29865	23352	13336	26775	7452	9651	5270	6951	65428	40299	9586	4	718	5659	10140	13716	4500	4632	6482	1464	10	0	6	4	16	6	14	8	44	10	52	11377
17q11_NF1_E21_STA100848	21343	16367	10012	16545	5021	6606	3864	4983	44433	27813	6017	2	598	4178	7158	9111	3086	3224	4642	1110	8	0	4	2	14	2	2	6	34	4	28	8141
17q11_NF1_E22_STA100849	24604	18975	20941	29860	6272	8685	6548	8627	52851	31103	7182	6	593	6679	8213	12203	7133	5605	5521	2096	12	10	6	10	48	6	0	4	26	0	35	11894
17q11_NF1_E22_STA100850	28349	22165	22047	31525	6768	9649	6848	9349	57493	33311	7853	6	616	7234	9288	13315	7500	6157	6004	2304	12	10	6	10	48	6	0	4	28	2	38	12707
17q11_NF1_E22_STA100851	24586	18794	17971	25973	5657	8156	5214	8205	49374	27805	6257	2	518	6109	7759	11558	6388	5066	4858	1954	2	10	6	10	10	6	0	4	8	2	18	10242
17q11_NF1_E23_STA100852	3514	2663	2056	2527	833	1283	643	937	5858	3555	1489	2	30	595	1191	1734	677	722	833	328	0	0	4	0	0	10	0	0	2	3	2	1730
17q11_NF1_E23_STA100853	14266	12048	8301	11432	3513	4571	2871	3704	26731	15420	5814	6	384	2990	4864	6774	2561	3087	3291	1374	2	0	4	0	2	12	54	0	36	8	4	5893
17q11_NF1_E23_STA100854	12783	11108	7211	10440	3181	4014	2593	3202	24335	13681	5111	6	368	2700	4371	6026	2212	2825	2954	1176	2	0	2	0	2	8	54	0	36	8	2	5122
17q11_NF1_E24_STA100855	18646	13678	8594	16266	3711	5477	3021	3721	38384	17281	4789	14	444	4212	4646	7521	2834	3907	3521	1199	6	4	2	4	4	8	2	4	10	4	2	5868
17q11_NF1_E24_STA103211	18658	13683	8598	16276	3714	5481	3020	3723	38409	17297	4788	14	444	4212	4647	7525	2836	3908	3524	1198	6	4	2	4	4	8	2	4	10	4	2	5867
17q11_NF1_E25_STA100857	9191	9017	4508	8160	2267	2693	1605	2423	21658	11549	2013	12	204	1938	3328	4809	1612	1442	2244	555	14	2	6	7	8	6	0	0	10	2	52	3613
17q11_NF1_E25_STA100858	7920	7763	3618	7191	1983	2297	1278	1907	18732	10102	1721	12	190	1630	2812	4162	1377	1218	1987	447	9	2	5	8	7	5	0	0	6	2	42	3003
17q11_NF1_E26_STA100859	13209	10468	6052	11772	3316	4587	2162	2852	23637	16836	4707	0	321	2981	5002	5896	2177	2339	2886	888	2	0	0	2	2	0	4	4	40	4	2	4919
17q11_NF1_E26_STA100860	18572	15437	8686	17544	4722	6278	2956	4479	35808	23424	6351	0	434	4114	6849	7609	2934	3625	4022	1178	4	2	2	2	2	0	8	4	42	4	12	7595
17q11_NF1_E26_STA100861	16123	13143	7249	15722	4238	5681	2572	3861	31685	20812	5724	0	400	3753	5956	6661	2539	3243	3677	972	4	2	2	2	2	0	8	2	41	4	10	6618
17q11_NF1_E27_STA100862	18719	14865	6777	10009	3232	4619	2113	3626	30178	15347	2975	26	442	3630	4745	5497	2220	2710	2538	1104	8	4	8	2	2	0	6	2	22	0	70	4314
17q11_NF1_E27_STA100863	20379	16064	7142	10948	3410	4978	2228	3900	33456	17142	3277	26	514	3888	5173	5938	2353	2861	2821	1148	8	4	8	2	2	0	8	2	30	0	82	4693
17q11_NF1_E27_STA100864	21071	15872	12515	14700	4159	5543	4151	5382	37824	22303	4734	12	614	4176	6273	6244	3422	3515	3321	1438	8	4	6	6	2	2	8	2	22	6	94	7168
17q11_NF1_E27_STA100865	7688	5400	6756	6882	1774	2204	2272	2332	15869	10584	2266	0	292	1696	2392	2290	1648	1410	1398	578	0	2	0	4	0	2	4	0	14	6	24	3726
17q11_NF1_E28_STA100866	23086	18175	8942	14434	4808	5524	2822	5669	40534	20206	4078	4	441	4833	6423	8757	3320	3595	4496	1734	2	4	0	0	10	0	4	8	60	2	6	5947
17q11_NF1_E28_STA100867	23099	18187	8958	14448	4809	5524	2828	5672	40558	20220	4083	4	442	4836	6426	8767	3324	3602	4498	1738	2	4	0	0	10	0	4	8	60	2	6	5957
17q11_NF1_E29_STA100868	15414	12879	10368	14637	3101	4410	3532	3900	30195	16902	4399	38	412	3534	5721	6410	2603	2767	3254	1156	0	6	4	4	6	4	2	4	42	6	20	6047
17q11_NF1_E29_STA100869	15512	12894	10438	14731	3136	4477	3554	3913	30500	17140	4402	38	413	3563	5799	6464	2622	2790	3285	1160	0	6	4	4	6	4	2	4	42	6	20	6092
17q11_NF1_E30_STA100870	2798	3598	1922	3153	819	975	590	856	6253	3193	834	0	108	696	928	1885	427	416	734	240	0	0	0	0	0	0	0	0	2	2	2	1336
17q11_NF1_E30_STA100871	4740	5062	2797	4464	1290	1490	825	1171	10010	5346	1421	0	134	1135	1438	2654	682	697	997	354	0	0	0	0	0	0	0	0	2	2	2	1931
17q11_NF1_E30_STA100872	3039	3103	1231	2709	783	909	447	564	6680	3638	909	0	106	639	837	1407	390	399	553	173	0	0	0	0	0	0	0	0	0	0	2	901
17q11_NF1_E31_STA100873	1858	1810	1248	1908	532	732	264	524	4306	2506	388	0	46	412	720	690	292	300	474	144	0	0	0	0	0	0	0	0	0	0	0	892
17q11_NF1_E32_STA100874	26676	16088	26580	27388	5570	7602	9660	8802	53940	30298	8906	322	768	6200	8452	6026	7746	6650	5666	2372	52	4	10	34	6	6	58	6	72	2	448	13722
17q11_NF1_E32_STA100875	33150	20868	32717	33212	7049	9409	11640	11341	66185	37293	11164	324	845	7673	10489	8391	9263	8312	7310	2949	54	6	10	40	8	6	58	6	88	46	486	16983
17q11_NF1_E32_STA100876	6502	4796	6160	5860	1490	1814	1994	2550	12296	7028	2270	2	78	1476	2046	2374	1524	1672	1650	578	2	2	0	6	2	0	0	0	16	44	38	3280
17q11_NF1_E33_STA101832	16650	15104	8363	15529	3378	5206	3389	4261	28761	16833	8074	2	236	3464	5830	8174	3292	2490	4710	1044	10	2	8	4	0	6	4	0	76	20	104	7070
17q11_NF1_E33_STA101823	16652	15104	8364	15531	3380	5206	3390	4262	28762	16834	8074	2	236	3464	5830	8174	3292	2490	4710	1044	10	2	8	4	0	6	4	0	76	20	104	7070
17q11_NF1_E33_STA100879	16649	15102	8362	15529	3380	5206	3389	4261	28758	16831	8074	2	236	3464	5830	8173	3292	2490	4710	1043	10	2	8	4	0	6	4	0	76	20	104	7068
17q11_NF1_E34_STA100880	7861	7207	4088	8344	2115	2562	1802	2040	15247	9823	2457	2	156	1907	2646	3900	1123	1633	1880	598	42	0	28	0	4	0	10	0	8	0	39	3276
17q11_NF1_E34_STA100881	13561	11057	9871	14963	3667	4006	3673	3624	27250	18172	4740	2	222	3332	4673	6251	2371	2779	3216	1040	42	0	28	0	4	4	10	0	80	24	82	7103
17q11_NF1_E34_STA100882	11410	8715	8203	12897	3091	3270	3008	2880	23060	15807	3793	0	122	2615	4032	5025	1922	2255	2754	762	36	0	28	0	2	4	10	0	80	24	82	6016
17q11_NF1_E35_STA100883	1248	1348	800	978	296	364	176	434	2794	1142	274	0	16	390	424	586	226	234	222	58	0	0	0	0	0	0	0	0	0	2	12	520
17q11_NF1_E35_STA100884	8123	6643	3423	5016	2107	2752	951	1704	15828	8152	1634	0	64	1796	2650	3344	893	1475	1786	303	4	0	2	4	2	2	0	0	6	2	106	2691
17q11_NF1_E35_STA100885	6888	5302	2626	4046	1812	2392	776	1272	13070	7020	1364	0	48	1408	2228	2760	672	1242	1568	246	4	0	2	4	2	2	0	0	6	0	94	2176
17q11_NF1_E36_STA101837	6965	8046	6823	8653	1887	1881	2506	2429	12343	6970	2805	0	120	2379	2115	4750	1749	1619	1724	729	0	4	0	2	0	0	2	2	16	0	24	3405
17q11_NF1_E36_STA100887	6969	8048	6830	8653	1888	1880	2507	2430	12361	6970	2806	0	120	2379	2117	4751	1746	1623	1725	730	0	4	0	2	0	0	2	2	16	0	24	3403
17q11_NF1_E37_STA100888	2516	2372	1138	2045	428	624	362	808	4062	2588	676	0	58	474	910	872	340	356	586	102	2	0	0	2	2	0	2	0	2	0	20	1127
17q11_NF1_E37_STA100889	5628	5252	2571	4591	1040	1573	686	1755	11592	6120	1539	0	150	1282	1841	2202	823	816	1180	303	4	4	0	4	2	0	2	0	2	0	24	2125
17q11_NF1_E37_STA100890	9914	8156	3417	7809	2002	2958	1027	2384	21441	11731	3507	0	202	2525	3254	4703	1370	1626	2218	482	8	4	0	2	0	0	0	0	2	0	24	2948
17q11_NF1_E37_STA100891	9612	8355	3258	7730	1938	3022	978	2296	21313	11769	3490	0	203	2487	3255	4958	1331	1565	2224	489	6	4	0	2	0	0	0	0	2	0	24	2855
17q11_NF1_E37_STA100892	8497	6659	2923	7099	1779	2557	1086	1750	17777	10505	3428	0	114	2286	2843	4580	1182	1360	2051	433	4	0	0	0	0	0	0	0	2	0	20	2847
17q11_NF1_E37_STA100893	2608	1978	1160	2288	494	648	460	452	5185	2856	970	0	4	686	676	1372	370	264	552	160	0	0	0	0	0	0	0	0	0	0	0	1096
17q11_NF1_E38_STA100894	9676	8136	4637	8776	2394	2931	1714	2786	22420	11716	3495	10	166	2238	3250	4573	1419	1687	2308	790	26	76	0	2	6	2	2	6	10	0	18	4048
17q11_NF1_E38_STA100895	14244	13109	8156	14253	3827	4398	2870	4111	33673	17539	5896	10	271	3526	4851	7109	2300	2447	3435	1163	26	78	4	4	10	2	4	6	10	0	22	7024
17q11_NF1_E38_STA100896	13540	13342	7063	11486	3319	4118	2189	3340	30458	17478	5881	2	299	2938	4390	6813	2089	2146	3217	873	4	6	6	2	7	1	2	2	8	0	14	6808
17q11_NF1_E38_STA100897	13498	13748	6680	13482	3749	4535	2148	2916	31190	19265	6137	0	360	3254	5189	7770	2011	2066	3938	790	2	8	6	2	10	2	2	0	18	0	8	7495
17q11_NF1_E38_STA100898	8842	8722	3112	7956	2294	3048	980	1570	19792	13370	3700	0	252	1954	3572	5196	1116	1298	2796	404	2	6	2	0	6	2	0	0	18	0	4	4486
17q11_NF1_E39_STA100899	10138	7563	9005	12269	2752	3272	2776	3012	25887	13314	3358	4	334	2778	4068	4726	2493	2467	2362	888	44	0	16	4	2	2	8	2	26	0	22	5230
17q11_NF1_E39_STA100900	12453	9766	11546	15149	3554	3949	3658	3702	30984	17552	4383	4	414	3327	4864	5697	3094	2874	2844	1084	44	0	16	4	22	2	10	12	26	0	24	6488
17q11_NF1_E39_STA101822	19799	15332	18191	21776	5189	5763	6070	5856	48721	28185	7762	52	543	5134	7497	8571	4542	4899	4261	1874	60	0	16	4	22	2	12	12	30	0	88	10027
17q11_NF1_E39_STA100902	11184	9198	11159	11438	2880	3008	4030	3346	25723	16506	5090	48	216	2956	4140	4541	2576	2784	2240	1120	16	0	2	0	20	2	4	10	6	0	70	5770
17q11_NF1_E40_STA100903	7284	6039	6610	7778	1946	2194	2216	2334	13950	8078	2494	0	90	1805	2368	3525	1470	1584	1732	830	6	0	2	2	0	2	0	0	8	4	14	3557
17q11_NF1_E40_STA100904	9289	7537	7097	8442	2233	2706	2339	2815	17312	9339	2816	0	170	2202	2736	4065	1584	1779	1990	934	6	0	2	2	2	4	0	0	10	4	14	3995
17q11_NF1_E40_STA100905	27545	16914	13268	21617	5663	7723	4744	6262	50941	30998	8032	54	676	6869	8241	8178	5023	5816	5644	2298	12	16	4	0	4	8	2	2	8	2	78	8728
17q11_NF1_E40_STA100906	25857	15266	11716	19774	5260	7088	4172	5811	47770	28725	7253	54	648	6436	7597	7146	4638	5390	5086	2102	6	16	4	0	4	8	2	2	6	2	68	7784
17q11_NF1_E41_STA100907	11174	10266	7312	9983	2578	3236	2862	3424	24669	13938	5778	0	278	2194	3340	5606	2024	1770	2618	740	2	0	2	0	8	12	2	0	6	4	50	5902
17q11_NF1_E41_STA100908	13362	12632	8576	12088	3052	3933	3347	3904	29988	16475	6536	0	302	2647	4286	7198	2314	2206	3159	1078	2	0	2	0	8	12	2	0	8	4	58	6846
17q11_NF1_E41_STA100909	10320	10256	7058	9903	2460	3161	2368	3697	20667	11156	3920	22	222	2164	3684	5181	1740	2035	2275	966	0	0	0	4	8	8	2	4	4	2	52	5506
17q11_NF1_E42_STA100910	9699	8933	6394	9225	2261	2845	2491	2735	20904	11360	3762	22	114	1951	3428	4863	1423	1818	2303	803	0	0	0	4	0	6	0	4	2	0	44	5028
17q11_NF1_E42_STA100911	21913	17103	13792	18656	4594	6130	4349	5376	40555	24302	6664	28	303	4522	6223	9349	3494	4493	4052	1470	4	2	0	4	0	8	4	6	30	52	136	9045
17q11_NF1_E42_STA100912	23518	17629	14146	19283	4838	6596	4359	5224	44099	25652	6715	8	354	5159	6657	9987	3984	4736	4251	1625	34	2	0	2	16	4	8	4	30	64	178	8568
17q11_NF1_E42_STA100913	23360	17146	14835	19120	4877	6593	4296	5526	43417	25683	6576	8	340	5316	6696	9736	4201	4930	4083	1707	34	2	0	2	16	6	8	4	38	64	170	8415
17q11_NF1_E42_STA100914	8942	6605	6165	7589	2065	2610	1951	2404	18432	10198	2909	2	126	2289	2951	3649	1845	1818	1787	704	30	0	0	2	16	4	4	2	8	12	70	3449
17q11_NF1_E43_STA101828	9735	9850	5174	10338	2003	3154	2131	2637	18920	10874	3838	2	121	2405	3379	4317	1996	2050	2367	647	10	3	4	4	1	0	0	8	0	18	49	4631
17q11_NF1_E43_STA100916	10900	10993	5611	11196	2204	3579	2292	3085	21116	11902	4084	2	142	2641	3773	4892	2341	2236	2561	753	10	4	4	4	2	0	0	8	0	18	62	5060
17q11_NF1_E43_STA100917	10474	10559	4854	10073	2065	3291	2094	2768	20922	12399	3796	3	131	2270	3551	4766	2046	1950	2363	692	5	3	3	3	2	0	0	7	14	11	48	4424
17q11_NF1_E43_STA100918	3960	4130	1946	3426	777	1314	864	1362	7576	4924	1509	2	56	804	1525	2032	972	736	856	328	0	2	0	0	2	0	0	0	14	2	26	1664
17q11_NF1_E44_STA101827	3536	4324	2624	4274	786	1254	1062	1008	5694	3140	2076	2	86	1316	1510	1414	1062	704	944	442	0	2	0	0	4	0	0	2	0	0	2	1998
17q11_NF1_E45_STA100920	8828	8396	6046	8936	2404	3276	2250	2096	17540	8680	3454	6	210	2168	3188	5314	1912	1796	2536	1000	2	6	2	8	2	0	2	2	30	0	22	4036
17q11_NF1_E45_STA100921	8826	8395	6045	8933	2404	3275	2249	2096	17534	8676	3453	6	210	2168	3187	5313	1912	1796	2535	999	2	6	2	8	2	0	2	2	30	0	22	4034
17q11_NF1_E46_STA101835	15271	18237	17759	24698	4872	6800	5711	8030	36907	20509	10204	6	352	5078	5684	10134	6833	5352	5668	1658	2	4	2	6	4	44	4	2	14	4	10	11152
17q11_NF1_E46_STA100923	15270	18239	17761	24698	4871	6802	5711	8030	36907	20513	10206	6	352	5077	5683	10135	6832	5352	5667	1658	2	4	2	6	4	44	4	2	14	4	10	11149
17q11_NF1_E47_STA100924	37356	24926	16756	33563	7345	10388	6546	9184	91539	52617	11213	4	1072	8054	10781	13631	7093	6522	8301	1975	168	8	32	4	16	26	6	2	193	40	88	11593
17q11_NF1_E47_STA101816	41557	28427	20592	38581	8375	11497	7952	10695	100061	58821	13411	14	1206	9005	12436	15520	7988	7445	9520	2360	240	10	34	4	16	26	6	6	230	40	156	14244
17q11_NF1_E47_STA100926	34814	23112	15887	31769	6586	8940	6252	7956	84887	49971	11027	14	1058	7162	10272	12578	5892	5698	7952	1792	140	8	32	4	16	6	4	6	210	6	140	11042
17q11_NF1_E48_STA100927	11224	8436	10898	10879	2850	3303	4476	3485	24883	12875	7303	6	156	3304	3436	4521	2193	2750	2812	1480	2	2	18	2	16	6	4	2	26	2	88	6283
17q11_NF1_E48_STA100928	11224	8435	10886	10874	2850	3303	4471	3483	24873	12870	7300	6	156	3304	3431	4518	2193	2748	2811	1480	2	2	18	2	16	6	4	2	26	2	88	6280
17q11_NF1_E49_STA100929	13837	12597	11202	17075	4175	4577	4464	4259	30572	19938	5075	6	265	4002	5481	7132	2624	2818	4012	1290	32	20	2	0	2	0	6	6	8	0	48	6401
17q11_NF1_E49_STA100930	18044	16887	16695	22417	5502	6035	6440	5981	39530	25035	7059	22	344	5152	7078	9499	3819	3957	5266	1838	38	20	2	0	4	18	8	6	22	0	66	9110
17q11_NF1_E49_STA100931	16872	15141	14098	20164	4856	5356	5255	5733	37435	21776	6026	20	372	4579	6123	8542	3821	3547	4434	1640	14	10	2	0	4	20	6	10	26	0	20	8249
17q11_NF1_E49_STA100932	9807	8812	9473	10658	2752	3088	3294	3378	20716	11517	3446	16	246	2474	3392	4624	2714	2234	2648	1044	14	2	2	0	4	20	2	4	18	0	18	5175
17q11_NF1_E50_STA101821	8028	7173	5598	10015	1997	2422	2466	2204	18681	11307	3184	6	120	2144	3117	3876	1588	1743	1744	424	2	0	46	2	0	2	0	0	2	0	16	3326
17q11_NF1_E50_STA100934	8011	7163	5581	9965	1991	2410	2454	2194	18583	11255	3176	6	119	2136	3110	3851	1584	1736	1735	422	2	0	46	2	0	2	0	0	2	0	16	3313
17q11_NF1_E51_STA100935	26126	20048	17197	25587	6768	8445	5345	10226	62550	32492	11065	40	400	5807	8257	11275	5252	4565	6615	1709	10	4	8	10	8	18	14	2	112	64	86	14628
17q11_NF1_E51_STA100936	32301	25268	23274	35236	8342	10911	6901	12368	77508	41164	15941	42	464	7511	10449	15188	6531	6008	8277	2165	10	4	10	12	8	18	16	2	174	64	124	20776
17q11_NF1_E51_STA100937	30488	23795	20422	31085	7672	9936	5375	11413	71927	37085	14955	41	342	6765	9478	13633	6151	5541	7487	2052	6	4	8	8	2	4	8	2	152	64	76	19293
17q11_NF1_E51_STA100938	10207	8918	8893	13048	2705	3663	2489	3335	24594	13264	7571	2	162	2576	3631	5906	1918	2205	3055	851	0	0	2	4	0	0	2	0	64	0	46	9028
17q11_NF1_E52_STA100939	7052	7361	3684	5190	1267	1754	930	1591	12397	6620	1450	4	114	1346	1925	2993	1084	1293	1263	469	2	0	0	4	0	0	2	0	16	0	6	2599
17q11_NF1_E52_STA100940	7067	7367	3697	5210	1270	1755	932	1596	12416	6626	1454	4	114	1347	1928	3006	1084	1298	1266	470	2	0	0	4	0	0	2	0	16	0	6	2607
17q11_NF1_E53_STA100941	9370	8565	6063	10427	2573	2645	2248	2484	18320	11190	2954	2	160	2414	3416	3650	2024	2361	2215	938	0	2	2	0	0	2	0	0	8	2	42	3986
17q11_NF1_E53_STA100942	9395	8580	6070	10446	2578	2652	2250	2488	18356	11214	2958	2	160	2426	3419	3658	2025	2366	2220	938	0	2	2	0	0	2	0	0	8	2	42	3990
17q11_NF1_E54_STA100943	16269	13412	7104	12663	3803	4595	2038	4031	31670	19277	4113	2	313	3849	5683	8422	2110	3406	3825	984	41	4	4	6	4	8	4	6	4	4	8	6203
17q11_NF1_E54_STA100944	17005	14417	7683	13675	4078	4894	2300	4254	33080	20380	4602	2	328	4112	6062	9057	2199	3609	4097	1108	44	4	4	6	4	8	4	6	6	4	12	6564
17q11_NF1_E54_STA100945	15641	13411	7309	12928	3910	4625	2157	3948	30821	19120	4390	2	315	3927	5797	8634	2056	3414	3969	1064	44	4	4	4	4	6	4	4	4	4	6	6210
17q11_NF1_E55_STA101834	11252	10589	5529	8638	2090	3204	1935	2802	19597	11104	3427	0	102	1877	3425	5070	1621	1713	2342	752	8	2	0	2	0	6	0	5	6	6	54	4278
17q11_NF1_E55_STA100947	11436	10676	5613	8756	2122	3256	1964	2841	19941	11272	3472	0	104	1905	3449	5121	1642	1741	2361	766	8	2	0	2	0	6	0	6	6	6	54	4340
17q11_NF1_E55_STA100948	9528	8299	4374	6306	1656	2575	1385	2253	16445	8757	2384	0	82	1494	2625	4038	1257	1400	1727	606	5	1	0	2	0	5	0	4	3	6	41	3145
17q11_NF1_E56_STA100949	4544	3024	2604	3712	1054	1086	1020	776	6834	4764	1906	0	66	880	1452	2020	730	924	824	278	0	0	0	0	0	0	2	0	0	2	4	1996
17q11_NF1_E57_STA100950	10319	9681	8275	13632	2751	3386	3196	3249	23683	14610	3912	34	134	2643	4342	5355	2189	2320	2713	809	32	4	0	2	8	0	6	4	2	2	95	6013
17q11_NF1_E57_STA100951	18252	15973	10342	17144	4227	5211	3820	4556	37730	21355	5211	40	260	4130	6696	8017	2922	3412	3910	1316	34	6	0	6	8	0	12	6	10	20	172	7842
17q11_NF1_E57_STA100952	23828	18747	15086	21996	5688	7229	5191	6149	48295	26966	5691	8	498	5246	8140	8786	4268	4663	5106	1546	2	2	0	6	2	2	14	2	38	28	242	9391
17q11_NF1_E57_STA100953	18883	14219	12749	15476	4386	5433	4132	4862	37485	19361	4213	8	438	4087	5982	6366	3286	3668	3744	1262	2	2	0	4	0	2	8	2	38	26	208	7577
17q11_NF1_E58_STA100954	6830	5985	4233	7596	1907	2253	1494	1964	16826	10372	3187	4	155	1560	2627	3561	1330	1352	1547	421	2	0	4	8	4	18	44	2	10	0	82	3805
17q11_NF1_E58_STA100955	17587	13820	7793	13029	3762	5054	2530	3758	34966	19709	5371	4	338	3238	5056	5914	2734	2863	3058	1064	40	0	8	8	4	18	44	6	38	0	120	6828
17q11_NF1_E58_STA100956	15168	11273	6574	10508	3160	4302	1880	3076	29278	15573	4180	0	304	2800	4238	4848	2274	2362	2457	922	38	0	8	6	2	16	34	4	28	0	62	5644
